{
    "diversity": {
        "REDDIT-BINARY": {
            "gcn_mean": 0.7585,
            "gcn_std": 0.003201562118716441,
            "mpsn_mean": 0.76875,
            "mpsn_std": 0.008605957239029256,
            "p_value": 0.006160299917417643
        },
        "COLLAB": {
            "gcn_mean": 0.5170000000000001,
            "gcn_std": 1.1102230246251565e-16,
            "mpsn_mean": 0.5356000000000001,
            "mpsn_std": 0.0309263641574628,
            "p_value": 0.1046780306675449
        }
    },
    "robustness": {
        "p_0.0": {
            "gcn_mean": 0.6199513381995134,
            "gcn_std": 0.022551739052296814,
            "mpsn_mean": 0.6310218978102189,
            "mpsn_std": 0.016511433651561706,
            "p_value": 0.2515627956222589
        },
        "p_0.05": {
            "gcn_mean": 0.6238442822384428,
            "gcn_std": 0.022666946642664682,
            "mpsn_mean": 0.6301703163017031,
            "mpsn_std": 0.011096597811183828,
            "p_value": 0.46537837815330113
        },
        "p_0.1": {
            "gcn_mean": 0.6115571776155718,
            "gcn_std": 0.015038484423568432,
            "mpsn_mean": 0.6074209245742093,
            "mpsn_std": 0.007714276818728792,
            "p_value": 0.47546645748346283
        },
        "p_0.2": {
            "gcn_mean": 0.6109489051094891,
            "gcn_std": 0.017794855964210758,
            "mpsn_mean": 0.6071776155717761,
            "mpsn_std": 0.01456250621766884,
            "p_value": 0.6288713973734837
        },
        "targeted_p_0.05": {
            "gcn_mean": 0.6291970802919707,
            "gcn_std": 0.028833913317811277,
            "mpsn_mean": 0.6024330900243309,
            "mpsn_std": 0.0206153235265404,
            "p_value": 0.03746227512341284
        },
        "targeted_p_0.1": {
            "gcn_mean": 0.6334549878345499,
            "gcn_std": 0.025657565933118128,
            "mpsn_mean": 0.6114355231143552,
            "mpsn_std": 0.009931061621391008,
            "p_value": 0.034040012273652914
        }
    },
    "ablation": {
        "dim_2": {
            "none": {
                "mean": 0.7894736842105263,
                "std": 0.028827503026587677
            },
            "scalar": {
                "mean": 0.8447368421052632,
                "std": 0.02185953648136338
            },
            "vector": {
                "mean": 0.85,
                "std": 0.012059409723568039
            },
            "curvature": {
                "mean": 0.8394736842105264,
                "std": 0.018421052631578946
            }
        },
        "dim_3": {
            "none": {
                "mean": 0.7894736842105263,
                "std": 0.028827503026587677
            },
            "scalar": {
                "mean": 0.8447368421052632,
                "std": 0.02185953648136338
            },
            "vector": {
                "mean": 0.85,
                "std": 0.012059409723568039
            },
            "curvature": {
                "mean": 0.8394736842105264,
                "std": 0.018421052631578946
            }
        }
    },
    "scalability": {},
    "transferability": {
        "PROTEINS_to_NCI1": {
            "gcn_mean": 0.4995133819951338,
            "gcn_std": 5.551115123125783e-17,
            "mpsn_mean": 0.5115085158150852,
            "mpsn_std": 0.012118669178519661,
            "p_value": 0.015717256079548252
        }
    }
}